 {
    "name": "Experiment Example",
    "author": "Lo�s Vanh�e",
    
    "variables": 
	{
			"input-variables":[
			{
				"name": "ticks",
				"range": "[0 1 200]",
				"_comment":"Will generate a variable ticks with 201 values from 0 to 200"
			},
			{
				"name": "preset-scenario",
				"range":"{generic-baseline scenario-1-closing-schools-and-uni scenario-1-work-at-home-only scenario-1-closing-all}"
			}],
			
			"output-variables":[
			{
				"name": "ratio-infected"
			}
			]
	},
	
	"executor": 
	{
		"type" : "netlogo",
		"file": "C:/Users/loisv/git/COVID-sim3/simulation_model/covid-sim.nlogo",
		"setup": "set-values setup ",
		"go": "go",
		"experiment-executor":"netlogo-executor",
		"_comment":"as ticks is an input variable, the executer will apply multiple ticks in a row"
	},
	
	"output":
	{
		"type":"csv",
		"merge-by":"preset-scenario",
		"sort-by":"ticks",
		"_comment":"all experiments having the same value for ratio-testing should be in the same file. Filenames will all contain ratio-testing=X in their name. This should generate 11 files, all containing 201 lines indicating the current tick and the #infected",
		"folder":"C:/Users/loisv/git/COVID-sim3/processing/"
		
	}
	
    
    
} 